pack_id,claude_rank
edge_single_perfect,1
prod_ready_01,2
prod_ready_05,3
prod_ready_03,4
prod_ready_02,5
edge_all_v0_but_documented,6
prod_ready_04,7
edge_v1_but_no_tests,8
mixed_04,9
mixed_01,10
edge_one_bad_in_strong_pack,11
mixed_07,12
mixed_03,13
edge_v1_but_no_sql,14
mixed_05,15
mixed_06,16
mixed_10,17
mixed_09,18
mixed_02,19
mixed_08,20
early_01,21
early_03,22
early_02,23
edge_everything_missing_except_ids,24
early_04,25
early_05,26
edge_single_worst,27
